<?xml version="1.0" encoding="UTF-8"?>
<project-private xmlns="http://www.netbeans.org/ns/project-private/1">
    <editor-bookmarks xmlns="http://www.netbeans.org/ns/editor-bookmarks/2" lastBookmarkId="0"/>
    <open-files xmlns="http://www.netbeans.org/ns/projectui-open-files/2">
        <group>
            <file>file:/D:/Utp%20Semestre%207.5/Computación%20Blanda/Programa%20Segunda%20Semana%20Enfermedades/Enfermedades_Semana_Dos/src/Gripa.java</file>
            <file>file:/D:/Utp%20Semestre%207.5/Computación%20Blanda/Programa%20Segunda%20Semana%20Enfermedades/Enfermedades_Semana_Dos/src/Menu.java</file>
            <file>file:/D:/Utp%20Semestre%207.5/Computación%20Blanda/Programa%20Segunda%20Semana%20Enfermedades/Enfermedades_Semana_Dos/src/Farinngitis.java</file>
            <file>file:/D:/Utp%20Semestre%207.5/Computación%20Blanda/Programa%20Segunda%20Semana%20Enfermedades/Enfermedades_Semana_Dos/src/main.java</file>
        </group>
    </open-files>
</project-private>
